City_ID,City,Country,Date,Lat,Lng,Max Temp,Humidity,Cloudiness,Wind Speed
0,Rikitea,PF,2022-03-21 22:21:24,-23.1203,-134.9692,79.88,68,3,15.48
1,Ahipara,NZ,2022-03-21 22:21:24,-35.1667,173.1667,71.56,80,5,11.12
2,Ushuaia,AR,2022-03-21 22:21:25,-54.8,-68.3,55.06,54,75,12.66
3,Mataura,NZ,2022-03-21 22:21:25,-46.1927,168.8643,66.6,65,46,7.38
4,Bethel,US,2022-03-21 22:21:25,41.3712,-73.414,58.77,38,69,5.99
5,Punta Arenas,CL,2022-03-21 22:19:34,-53.15,-70.9167,55.51,62,40,26.46
6,Klaksvik,FO,2022-03-21 22:21:26,62.2266,-6.589,43.72,86,49,19.28
7,Hermanus,ZA,2022-03-21 22:21:26,-34.4187,19.2345,69.8,86,4,11.14
8,Abu Kamal,SY,2022-03-21 22:21:27,34.4506,40.9171,46.81,59,93,1.23
9,Pangnirtung,CA,2022-03-21 22:21:27,66.1451,-65.7125,-5.8,71,100,4.61
10,Atuona,PF,2022-03-21 22:21:27,-9.8,-139.0333,78.67,79,89,15.21
11,Fort Nelson,CA,2022-03-21 22:21:28,58.8053,-122.7002,27.99,50,75,0.0
12,Kaitangata,NZ,2022-03-21 22:21:28,-46.2817,169.8464,61.65,83,93,12.33
13,Guerrero Negro,MX,2022-03-21 22:21:28,27.9769,-114.0611,65.1,58,1,17.02
14,Erdenet,MN,2022-03-21 22:21:29,49.0333,104.0833,17.19,48,0,4.09
15,Saskylakh,RU,2022-03-21 22:21:29,71.9167,114.0833,-2.22,99,100,3.06
16,Albany,US,2022-03-21 22:21:30,42.6001,-73.9662,52.05,37,50,3.0
17,Kailua,US,2022-03-21 22:21:30,21.4022,-157.7394,85.41,65,2,5.01
18,Isangel,VU,2022-03-21 22:21:30,-19.55,169.2667,81.03,82,100,8.9
19,Lazaro Cardenas,MX,2022-03-21 22:17:17,17.9583,-102.2,84.15,42,0,12.44
20,Ust-Nera,RU,2022-03-21 22:21:31,64.5667,143.2,2.97,97,100,7.9
21,Askiz,RU,2022-03-21 22:21:31,53.1319,90.5264,21.69,82,74,4.61
22,Ekhabi,RU,2022-03-21 22:21:32,53.5102,142.9671,10.09,79,7,12.59
23,Tanabe,JP,2022-03-21 22:21:32,33.7333,135.3667,47.93,87,100,1.99
24,Puerto Ayora,EC,2022-03-21 22:21:32,-0.7393,-90.3518,85.96,88,74,5.01
25,Nikolskoye,RU,2022-03-21 22:21:33,59.7035,30.7861,37.29,89,0,6.78
26,Vaini,TO,2022-03-21 22:21:33,-21.2,-175.2,81.68,78,96,15.75
27,Codrington,AU,2022-03-21 22:21:33,-38.2667,141.9667,60.3,88,96,2.82
28,Okhotsk,RU,2022-03-21 22:21:34,59.3833,143.3,16.66,92,100,13.51
29,Severo-Kurilsk,RU,2022-03-21 22:21:34,50.6789,156.125,28.06,67,100,25.86
30,Tasiilaq,GL,2022-03-21 22:21:35,65.6145,-37.6368,5.16,55,0,5.19
31,Aklavik,CA,2022-03-21 22:21:35,68.2191,-135.0107,-1.19,79,100,2.04
32,Barrow,US,2022-03-21 22:20:56,71.2906,-156.7887,-9.38,64,0,8.05
33,Cayenne,GF,2022-03-21 22:21:35,4.9333,-52.3333,80.1,1,100,2.3
34,Port Alfred,ZA,2022-03-21 22:21:36,-33.5906,26.891,72.01,86,0,12.88
35,Carnarvon,AU,2022-03-21 22:21:36,-24.8667,113.6333,73.47,83,99,12.66
36,Bluff,NZ,2022-03-21 22:21:36,-46.6,168.3333,62.58,75,15,8.25
37,Petropavlovsk-Kamchatskiy,RU,2022-03-21 22:21:37,53.0452,158.6483,30.79,47,20,20.13
38,Faya,SA,2022-03-21 22:20:51,18.3851,42.4509,59.11,55,0,4.92
39,Tarko-Sale,RU,2022-03-21 22:21:37,64.9225,77.785,-4.92,97,36,9.89
40,Yulara,AU,2022-03-21 22:21:38,-25.2406,130.9889,67.84,42,1,5.75
41,Hobart,AU,2022-03-21 22:19:37,-42.8794,147.3294,62.46,88,75,6.91
42,Khatanga,RU,2022-03-21 22:21:38,71.9667,102.5,-17.84,99,100,5.1
43,Georgetown,MY,2022-03-21 22:21:31,5.4112,100.3354,78.73,91,20,3.44
44,Cherskiy,RU,2022-03-21 22:21:37,68.75,161.3,21.74,93,99,10.29
45,Sur,OM,2022-03-21 22:21:39,22.5667,59.5289,74.39,44,0,12.21
46,Ndele,CF,2022-03-21 22:21:39,8.4109,20.6473,79.32,13,16,2.93
47,Formosa,AR,2022-03-21 22:21:39,-26.1775,-58.1781,87.78,51,0,12.66
48,Chuy,UY,2022-03-21 22:22:40,-33.6971,-53.4616,66.16,61,14,15.5
49,Busselton,AU,2022-03-21 22:22:40,-33.65,115.3333,54.34,87,0,10.8
50,Tessalit,ML,2022-03-21 22:22:41,20.1986,1.0114,74.03,12,0,9.66
51,Talnakh,RU,2022-03-21 22:22:41,69.4865,88.3972,-11.79,95,47,1.45
52,Mar Del Plata,AR,2022-03-21 22:18:01,-38.0023,-57.5575,64.09,87,100,40.0
53,Lata,PT,2022-03-21 22:22:41,40.1629,-8.3327,57.07,81,96,2.42
54,Carutapera,BR,2022-03-21 22:22:42,-1.195,-46.02,76.06,92,100,4.12
55,Andros Town,BS,2022-03-21 22:22:42,24.7,-77.7667,75.16,74,98,21.72
56,Cape Town,ZA,2022-03-21 22:22:43,-33.9258,18.4232,71.11,78,0,16.11
57,Athens,GR,2022-03-21 22:22:43,37.9795,23.7162,47.16,58,46,11.99
58,Maryville,US,2022-03-21 22:20:13,35.7565,-83.9705,71.19,29,75,3.44
59,Victoria,HK,2022-03-21 22:19:32,22.2855,114.1577,75.94,95,99,11.99
60,Kathmandu,NP,2022-03-21 22:21:30,27.7167,85.3167,61.02,82,20,3.44
61,Broome,US,2022-03-21 22:22:44,42.2506,-75.833,51.89,46,0,11.5
62,Provideniya,RU,2022-03-21 22:22:44,64.3833,-173.3,17.71,62,0,4.47
63,Saint Anthony,US,2022-03-21 22:22:45,45.0205,-93.218,64.47,48,0,16.11
64,Solnechnyy,RU,2022-03-21 22:22:45,50.7214,136.6319,15.13,68,4,8.21
65,Dikson,RU,2022-03-21 22:22:45,73.5069,80.5464,0.18,98,100,10.71
66,Mahebourg,MU,2022-03-21 22:22:46,-20.4081,57.7,80.89,94,75,3.44
67,Yellowknife,CA,2022-03-21 22:22:46,62.456,-114.3525,19.42,92,100,16.11
68,Kununurra,AU,2022-03-21 22:22:46,-15.7667,128.7333,76.98,94,74,2.3
69,Rocha,UY,2022-03-21 22:22:47,-34.4833,-54.3333,65.08,58,15,15.41
70,Puerto Escondido,MX,2022-03-21 22:22:47,15.85,-97.0667,88.63,55,0,0.0
71,Arraial Do Cabo,BR,2022-03-21 22:22:47,-22.9661,-42.0278,75.16,78,75,13.8
72,Lakes Entrance,AU,2022-03-21 22:22:48,-37.8811,147.981,62.17,76,98,2.39
73,New Norfolk,AU,2022-03-21 22:22:48,-42.7826,147.0587,62.1,67,100,0.29
74,Farrukhnagar,IN,2022-03-21 22:22:49,17.0778,78.2011,76.71,60,16,6.64
75,Kodiak,US,2022-03-21 22:22:50,57.79,-152.4072,40.51,45,0,13.8
76,Nenjiang,CN,2022-03-21 22:22:50,49.1833,125.2167,4.33,92,8,5.91
77,Boyolangu,ID,2022-03-21 22:22:51,-8.1181,111.8935,74.75,85,100,3.0
78,Chimbote,PE,2022-03-21 22:22:51,-9.0853,-78.5783,72.86,75,78,11.1
79,Bambari,CF,2022-03-21 22:22:52,5.768,20.6757,80.49,29,16,2.66
80,Walvis Bay,NA,2022-03-21 22:22:52,-22.9575,14.5053,72.55,68,35,4.61
81,Vryburg,ZA,2022-03-21 22:22:53,-26.9566,24.7284,66.22,71,94,1.63
82,Butaritari,KI,2022-03-21 22:22:53,3.0707,172.7902,80.65,78,54,15.68
83,Tiznit,MA,2022-03-21 22:22:53,29.5833,-9.5,53.73,83,94,3.96
84,Esperance,AU,2022-03-21 22:22:54,-33.8667,121.9,62.1,65,100,14.56
85,Yantongshan,CN,2022-03-21 22:22:54,43.2919,126.0094,20.82,83,2,5.41
86,Karratha,AU,2022-03-21 22:22:01,-20.7377,116.8463,84.18,71,100,18.21
87,Thompson,CA,2022-03-21 22:22:55,55.7435,-97.8558,37.56,41,75,10.36
88,Chokurdakh,RU,2022-03-21 22:22:55,70.6333,147.9167,2.39,84,100,15.64
89,Okato,NZ,2022-03-21 22:22:55,-39.2,173.8833,71.91,76,96,11.88
90,Surovikino,RU,2022-03-21 22:22:56,48.6078,42.8486,33.1,86,91,14.03
91,Sola,VU,2022-03-21 22:22:56,-13.8833,167.55,81.21,78,100,9.22
92,Buta,CD,2022-03-21 22:22:56,2.7858,24.73,71.29,94,100,3.53
93,Meulaboh,ID,2022-03-21 22:22:57,4.1363,96.1285,75.76,89,100,4.68
94,Olinda,BR,2022-03-21 22:22:57,-8.0089,-34.8553,78.53,94,75,12.66
95,Linxia,CN,2022-03-21 22:23:58,35.6003,103.2064,40.51,78,100,1.34
96,Ostrovnoy,RU,2022-03-21 22:21:09,68.0531,39.5131,30.04,75,48,29.01
97,Atar,MR,2022-03-21 22:23:58,20.5169,-13.0499,78.51,12,0,8.48
98,Davila,PH,2022-03-21 22:23:58,18.4726,120.5763,73.38,78,69,1.05
99,Buraydah,SA,2022-03-21 22:23:59,26.326,43.975,64.85,33,0,7.4
100,College,US,2022-03-21 22:20:02,64.8569,-147.8028,14.79,46,0,5.75
101,Namatanai,PG,2022-03-21 22:24:00,-3.6667,152.4333,82.72,73,96,4.72
102,Port Blair,IN,2022-03-21 22:24:00,11.6667,92.75,78.51,75,97,4.88
103,Tomatlan,MX,2022-03-21 22:24:00,19.9333,-105.25,93.33,15,31,12.35
104,Avarua,CK,2022-03-21 22:24:01,-21.2078,-159.775,86.05,70,40,20.71
105,Quatre Cocos,MU,2022-03-21 22:24:01,-20.2078,57.7625,80.71,86,30,7.58
106,Kruisfontein,ZA,2022-03-21 22:24:01,-34.0033,24.7314,64.89,94,0,1.7
107,Lavrentiya,RU,2022-03-21 22:24:02,65.5833,-171.0,5.79,85,68,3.29
108,Mount Gambier,AU,2022-03-21 22:24:02,-37.8333,140.7667,57.11,100,100,0.0
109,Keningau,MY,2022-03-21 22:24:03,5.3378,116.1602,70.05,99,93,1.5
110,Inta,RU,2022-03-21 22:24:03,66.0317,60.1659,11.82,93,100,12.5
111,Usinsk,RU,2022-03-21 22:24:03,65.9939,57.5281,18.7,96,100,13.98
112,Beringovskiy,RU,2022-03-21 22:24:04,63.05,179.3167,26.78,92,100,13.98
113,Saldanha,ZA,2022-03-21 22:24:05,-33.0117,17.9442,64.45,92,0,10.11
114,Port Shepstone,ZA,2022-03-21 22:24:05,-30.7414,30.455,71.02,79,100,9.8
115,Kahului,US,2022-03-21 22:20:50,20.8947,-156.47,84.22,68,20,14.0
116,Bredasdorp,ZA,2022-03-21 22:24:06,-34.5322,20.0403,66.42,91,0,5.61
117,Taoudenni,ML,2022-03-21 22:24:06,22.6783,-3.9836,76.93,14,0,10.49
118,Bella Union,UY,2022-03-21 22:24:07,-30.2752,-57.6007,76.05,57,4,8.01
119,Saint-Pierre,RE,2022-03-21 22:24:09,-21.3393,55.4781,78.91,91,75,13.8
120,Kavieng,PG,2022-03-21 22:24:09,-2.5744,150.7967,82.8,74,98,6.6
121,Kuldiga,LV,2022-03-21 22:24:10,56.974,21.9572,28.09,64,0,0.54
122,Vanderhoof,CA,2022-03-21 22:24:10,54.0166,-124.0198,50.13,54,62,7.65
123,Laguna,US,2022-03-21 22:20:48,38.421,-121.4238,82.49,29,0,19.57
124,Drovyanaya,RU,2022-03-21 22:24:11,51.5833,113.0333,0.14,99,35,1.68
125,Ulaangom,MN,2022-03-21 22:24:11,49.9811,92.0667,-4.41,75,31,4.41
126,Chapais,CA,2022-03-21 22:24:11,49.7834,-74.8492,17.38,87,100,15.03
127,Ribeira Grande,PT,2022-03-21 22:24:12,38.5167,-28.7,57.7,64,100,23.2
128,Plymouth,US,2022-03-21 22:24:12,41.8334,-70.8328,55.83,31,20,20.71
129,Hithadhoo,MV,2022-03-21 22:22:44,-0.6,73.0833,83.59,75,65,17.25
130,Ponta Do Sol,PT,2022-03-21 22:24:12,32.6667,-17.1,63.05,74,99,6.78
131,Meghraj,IN,2022-03-21 22:24:13,23.5,73.5,78.8,12,0,12.01
132,Norman Wells,CA,2022-03-21 22:20:56,65.282,-126.8329,3.24,55,20,11.5
133,Puerto Leguizamo,CO,2022-03-21 22:24:13,-0.1934,-74.7819,75.4,92,100,2.42
134,Chernoyerkovskaya,RU,2022-03-21 22:24:14,45.4331,37.7686,36.88,89,5,8.93
135,Maldonado,UY,2022-03-21 22:24:14,-34.6667,-54.9167,69.19,55,11,17.36
136,Japura,ID,2022-03-21 22:24:15,-0.3167,102.35,74.71,91,95,1.57
137,Narsaq,GL,2022-03-21 22:24:15,60.9167,-46.05,16.02,72,0,6.24
138,Riyadh,SA,2022-03-21 22:21:30,24.6877,46.7219,71.74,14,21,9.33
139,Burnie,AU,2022-03-21 22:24:15,-41.0667,145.9167,64.92,82,81,3.62
140,Khoy,IR,2022-03-21 22:25:16,38.5504,44.9535,23.63,92,100,0.63
141,Vila Velha,BR,2022-03-21 22:20:52,-20.3297,-40.2925,75.15,82,75,18.01
142,Menongue,AO,2022-03-21 22:25:16,-14.6585,17.691,64.62,99,100,4.45
143,Leningradskiy,RU,2022-03-21 22:25:17,69.3833,178.4167,9.97,81,99,8.08
144,Jasmine Estates,US,2022-03-21 22:25:17,28.2931,-82.6901,82.94,44,5,5.99
145,Nanortalik,GL,2022-03-21 22:25:18,60.1432,-45.2371,19.15,86,24,3.62
146,Aranos,NA,2022-03-21 22:25:18,-24.1333,19.1167,76.95,42,74,7.61
147,Ilulissat,GL,2022-03-21 22:25:18,69.2167,-51.1,-2.18,42,10,1.14
148,Vila Franca Do Campo,PT,2022-03-21 22:25:19,37.7167,-25.4333,57.61,66,99,15.64
149,Jamestown,US,2022-03-21 22:25:19,42.097,-79.2353,53.53,37,100,9.22
150,Eureka,US,2022-03-21 22:22:37,40.8021,-124.1637,63.19,65,96,6.64
151,Lasa,IT,2022-03-21 22:25:20,46.6166,10.7002,38.28,76,4,0.94
152,Faanui,PF,2022-03-21 22:25:20,-16.4833,-151.75,81.61,73,83,16.58
153,Saurimo,AO,2022-03-21 22:25:20,-9.6608,20.3916,64.29,97,81,3.11
154,Oranjemund,NA,2022-03-21 22:25:21,-28.55,16.4333,63.21,90,0,7.25
155,Kovdor,RU,2022-03-21 22:25:21,67.5662,30.4758,28.74,89,90,6.15
156,Kapaa,US,2022-03-21 22:25:21,22.0752,-159.319,82.47,66,0,12.66
157,Fairbanks,US,2022-03-21 22:23:38,64.8378,-147.7164,14.81,47,0,5.75
158,Sao Miguel Do Araguaia,BR,2022-03-21 22:25:22,-13.275,-50.1628,74.32,85,99,3.38
159,Hamilton,US,2022-03-21 22:25:09,39.1834,-84.5333,70.65,28,0,10.36
160,East London,ZA,2022-03-21 22:25:22,-33.0153,27.9116,71.17,83,3,7.7
161,Goderich,CA,2022-03-21 22:25:23,43.7501,-81.7165,36.91,86,100,6.91
162,Olafsvik,IS,2022-03-21 22:25:23,64.8945,-23.7142,33.91,95,100,17.96
163,Gat,IL,2022-03-21 22:25:23,31.61,34.7642,49.41,69,50,3.67
164,Katsuura,JP,2022-03-21 22:25:24,35.1333,140.3,50.32,87,100,9.46
165,Lima,PE,2022-03-21 22:24:43,-12.0432,-77.0282,68.25,73,0,8.05
166,Lorengau,PG,2022-03-21 22:25:24,-2.0226,147.2712,82.15,75,61,2.15
167,Fortuna,US,2022-03-21 22:25:25,40.5982,-124.1573,61.92,65,75,13.8
168,Qaanaaq,GL,2022-03-21 22:25:25,77.484,-69.3632,-4.25,88,100,6.6
169,Airai,TL,2022-03-21 22:25:25,-8.9266,125.4092,59.2,83,98,1.95
170,Upernavik,GL,2022-03-21 22:25:26,72.7868,-56.1549,-18.4,67,92,5.88
171,Shumikha,RU,2022-03-21 22:25:26,55.2261,63.2961,25.03,95,95,14.83
172,Richards Bay,ZA,2022-03-21 22:25:26,-28.783,32.0377,67.95,74,98,5.1
173,Yuanping,CN,2022-03-21 22:25:27,38.7153,112.7575,34.72,78,79,2.59
174,Bell Ville,AR,2022-03-21 22:25:27,-32.6259,-62.6887,63.66,62,80,7.76
175,Padang,ID,2022-03-21 22:25:27,-0.9492,100.3543,75.25,79,92,3.27
176,Margate,GB,2022-03-21 22:25:28,51.3813,1.3862,50.31,78,41,1.99
177,Jaciara,BR,2022-03-21 22:25:28,-15.9653,-54.9683,76.23,84,98,3.51
178,Changde,CN,2022-03-21 22:25:29,29.0464,111.6783,44.01,92,100,9.98
179,Honningsvag,NO,2022-03-21 22:25:29,70.9821,25.9704,35.35,69,85,48.34
180,Tarazona,ES,2022-03-21 22:25:29,41.9,-1.7333,48.02,89,100,21.14
181,San Jeronimo,PE,2022-03-21 22:25:30,-11.9472,-75.2829,57.43,69,72,4.34
182,Makubetsu,JP,2022-03-21 22:25:30,45.3714,141.8211,31.78,90,71,15.57
183,Offa,NG,2022-03-21 22:25:31,8.15,4.7167,79.25,73,94,6.78
184,Luderitz,NA,2022-03-21 22:25:31,-26.6481,15.1594,76.35,58,1,15.88
185,Manosque,FR,2022-03-21 22:25:31,43.8288,5.7869,41.56,59,3,1.1
186,Port Lincoln,AU,2022-03-21 22:25:32,-34.7333,135.8667,65.93,79,100,4.7
187,Wichian Buri,TH,2022-03-21 22:25:32,15.6578,101.106,79.9,77,67,0.63
188,Beloyarskiy,RU,2022-03-21 22:26:33,63.7119,66.6722,-7.29,100,27,2.35
189,Kawalu,ID,2022-03-21 22:26:33,-7.3817,108.2082,70.97,88,98,3.11
190,Veracruz,MX,2022-03-21 22:25:37,19.3333,-96.6667,87.62,42,0,9.91
191,Floro,NO,2022-03-21 22:26:33,61.5996,5.0328,42.87,65,65,8.05
192,Sao Joao Da Barra,BR,2022-03-21 22:26:34,-21.6403,-41.0511,72.97,82,100,16.11
193,Menomonie,US,2022-03-21 22:26:34,44.8755,-91.9193,60.73,66,100,13.8
194,Pemba,MZ,2022-03-21 22:26:34,-12.974,40.5178,77.05,86,100,12.64
195,Los Llanos De Aridane,ES,2022-03-21 22:26:35,28.6585,-17.9182,58.75,77,20,8.05
196,Skarnes,NO,2022-03-21 22:26:35,60.2528,11.6797,31.01,91,4,2.21
197,Sao Filipe,CV,2022-03-21 22:26:36,14.8961,-24.4956,70.38,73,18,13.6
198,Aljezur,PT,2022-03-21 22:26:36,37.3191,-8.8033,55.62,92,98,5.14
199,San Patricio,US,2022-03-21 22:26:36,28.017,-97.5169,81.32,62,99,25.66
200,Hilo,US,2022-03-21 22:22:08,19.7297,-155.09,82.26,68,0,11.5
201,Husavik,IS,2022-03-21 22:26:37,66.0449,-17.3389,31.17,79,100,3.04
202,Lockport,US,2022-03-21 22:26:37,41.5895,-88.0578,72.99,43,0,12.66
203,San Carlos De Bariloche,AR,2022-03-21 22:26:38,-41.1456,-71.3082,55.15,67,75,20.71
204,Vila,PT,2022-03-21 22:26:38,42.0304,-8.1588,45.7,76,38,3.29
205,Comodoro Rivadavia,AR,2022-03-21 22:22:40,-45.8667,-67.5,73.26,28,0,12.66
206,Kalmunai,LK,2022-03-21 22:26:39,7.4167,81.8167,78.94,85,22,1.68
207,Bulawayo,ZW,2022-03-21 22:26:39,-20.15,28.5833,60.55,55,2,12.57
208,Bridlington,GB,2022-03-21 22:26:40,54.0831,-0.1919,46.33,83,68,9.33
209,Constitucion,CL,2022-03-21 22:26:40,-35.3333,-72.4167,61.59,69,2,16.8
210,Cervo,ES,2022-03-21 22:26:40,43.6702,-7.4101,50.97,85,59,4.88
211,Caraquet,CA,2022-03-21 22:26:41,47.7941,-64.9386,34.34,82,83,12.66
212,Pevek,RU,2022-03-21 22:26:41,69.7008,170.3133,25.07,72,100,18.28
213,Rorvik,NO,2022-03-21 22:26:41,64.8621,11.2373,32.11,93,0,2.3
214,Saint-Augustin,CA,2022-03-21 22:26:42,51.226,-58.6502,30.69,97,100,18.05
215,Port Moresby,PG,2022-03-21 22:26:42,-9.4431,147.1797,80.02,83,20,5.75
216,Qinhuangdao,CN,2022-03-21 22:24:48,39.9317,119.5883,34.03,50,0,5.17
217,Kraljevo,RS,2022-03-21 22:22:22,43.7258,20.6894,30.2,59,0,3.44
218,Kashi,CN,2022-03-21 22:26:43,39.4547,75.9797,49.21,57,75,4.47
219,Danville,US,2022-03-21 22:26:43,36.586,-79.395,70.88,28,0,8.05
220,Muros,ES,2022-03-21 22:26:43,42.7762,-9.0603,50.68,88,10,3.27
221,Tiarei,PF,2022-03-21 22:26:44,-17.5333,-149.3333,86.02,77,26,13.11
222,Kavaratti,IN,2022-03-21 22:26:44,10.5669,72.642,81.37,68,5,10.36
223,Nara,JP,2022-03-21 22:26:44,34.6851,135.8049,43.5,82,100,3.62
224,Karasuk,RU,2022-03-21 22:26:45,53.7377,78.0403,16.54,93,100,14.83
225,Galle,LK,2022-03-21 22:26:45,6.0367,80.217,80.19,83,18,9.86
226,Itarema,BR,2022-03-21 22:26:46,-2.9248,-39.9167,79.65,82,92,11.05
227,Turukhansk,RU,2022-03-21 22:26:46,65.8167,87.9833,-8.68,100,70,5.26
228,Axim,GH,2022-03-21 22:26:47,4.8699,-2.2405,80.35,87,37,5.91
229,Katobu,ID,2022-03-21 22:26:47,-4.9408,122.5276,75.9,91,100,0.72
230,Kunszentmarton,HU,2022-03-21 22:26:47,46.8392,20.2888,37.42,46,0,5.75
231,Sarankhola,BD,2022-03-21 22:26:48,22.3082,89.7897,71.91,83,26,4.59
232,Gushikawa,JP,2022-03-21 22:26:48,26.3544,127.8686,73.4,94,100,14.97
233,Tuatapere,NZ,2022-03-21 22:27:49,-46.1333,167.6833,63.37,64,49,3.71
234,Tabou,CI,2022-03-21 22:27:49,4.423,-7.3528,79.39,84,94,6.76
235,Novichikha,RU,2022-03-21 22:27:50,52.204,81.3877,22.01,94,90,12.8
236,Kaduqli,SD,2022-03-21 22:27:50,11.0167,29.7167,80.53,8,6,7.63
237,Sigli,ID,2022-03-21 22:27:50,5.3848,95.9609,78.33,77,99,4.5
238,Kieta,PG,2022-03-21 22:27:51,-6.2167,155.6333,83.01,73,100,2.33
239,Tiksi,RU,2022-03-21 22:27:51,71.6872,128.8694,-18.24,99,54,1.48
240,Sangar,RU,2022-03-21 22:27:52,63.9242,127.4739,-18.51,95,6,2.91
241,Stromness,GB,2022-03-21 22:27:52,58.965,-3.296,39.16,83,6,16.96
242,Awbari,LY,2022-03-21 22:27:53,26.5921,12.7805,55.94,41,0,12.62
243,Torbay,CA,2022-03-21 22:27:53,47.6666,-52.7314,37.76,98,100,25.32
244,Hasaki,JP,2022-03-21 22:27:53,35.7333,140.8333,41.4,82,100,6.62
245,Skjervoy,NO,2022-03-21 22:27:54,70.0311,20.9714,35.6,75,99,35.12
246,Aripuana,BR,2022-03-21 22:27:54,-9.1667,-60.6333,74.77,93,88,0.94
247,Saint-Philippe,RE,2022-03-21 22:27:54,-21.3585,55.7679,78.39,90,89,9.93
248,Cidreira,BR,2022-03-21 22:27:55,-30.1811,-50.2056,70.36,66,66,20.69
249,San Luis,AR,2022-03-21 22:27:55,-33.295,-66.3356,73.74,44,0,3.06
250,Bengkulu,ID,2022-03-21 22:27:55,-3.8004,102.2655,74.98,87,87,4.25
251,Zaoyang,CN,2022-03-21 22:27:56,32.1272,112.7542,41.0,95,100,9.82
252,Shingu,JP,2022-03-21 22:27:57,33.7333,135.9833,48.02,95,100,10.74
253,Bathsheba,BB,2022-03-21 22:27:57,13.2167,-59.5167,79.41,69,40,13.8
254,Prince Albert,CA,2022-03-21 22:27:57,53.2001,-105.7677,35.55,80,75,23.02
255,Cheremukhovo,RU,2022-03-21 22:27:58,60.3484,59.9851,14.54,97,12,3.31
256,Havelock,US,2022-03-21 22:27:58,34.8791,-76.9013,62.98,53,0,9.22
257,Port-Cartier,CA,2022-03-21 22:27:58,50.0334,-66.8654,35.82,76,78,14.14
258,Ixtapa,MX,2022-03-21 22:27:59,20.7,-105.2,76.23,61,20,9.22
259,Lleida,ES,2022-03-21 22:25:09,41.6167,0.6167,50.2,74,0,21.85
260,Hervey Bay,AU,2022-03-21 22:27:34,-25.2986,152.8535,71.83,77,34,6.78
261,Santiago Del Estero,AR,2022-03-21 22:27:59,-27.7951,-64.2615,74.73,54,57,1.03
262,Tarakan,ID,2022-03-21 22:28:00,3.3,117.6333,76.5,94,75,3.44
263,Marzuq,YE,2022-03-21 22:28:00,14.4,46.4667,73.26,32,49,5.3
264,Vestmannaeyjar,IS,2022-03-21 22:28:00,63.4427,-20.2734,44.98,94,100,18.63
265,Antofagasta,CL,2022-03-21 22:26:03,-23.65,-70.4,71.22,62,24,8.28
266,San Blas,MX,2022-03-21 22:28:01,21.5167,-105.2667,96.69,42,91,6.91
267,Purpe,RU,2022-03-21 22:28:01,64.4803,76.6897,-1.75,100,88,10.33
268,Ginir,ET,2022-03-21 22:28:02,7.1333,40.7,63.99,62,95,4.5
269,Souillac,MU,2022-03-21 22:28:02,-20.5167,57.5167,80.98,94,75,3.44
270,Lompoc,US,2022-03-21 22:24:22,34.6391,-120.4579,83.01,51,0,20.71
271,Rosita,NI,2022-03-21 22:28:03,13.9268,-84.4032,86.85,45,94,6.53
272,Natchitoches,US,2022-03-21 22:28:03,31.7668,-93.1335,70.65,73,100,17.27
273,Adrar,MR,2022-03-21 22:28:03,20.5022,-10.0711,76.95,11,0,7.54
274,Jalu,LY,2022-03-21 22:28:04,29.0331,21.5482,52.81,49,5,10.56
275,Alice Springs,AU,2022-03-21 22:28:04,-23.7,133.8833,65.75,48,0,5.75
276,Maniitsoq,GL,2022-03-21 22:28:04,65.4167,-52.9,-4.65,87,13,4.76
277,Hohhot,CN,2022-03-21 22:28:05,40.8106,111.6522,25.09,54,0,6.71
278,Anadyr,RU,2022-03-21 22:28:05,64.75,177.4833,27.1,79,20,33.55
279,Kamenka,RU,2022-03-21 22:29:06,51.3223,42.7678,24.12,92,19,8.16
280,Pisco,PE,2022-03-21 22:29:06,-13.7,-76.2167,78.03,64,0,18.41
281,Clarence Town,AU,2022-03-21 22:29:06,-32.5833,151.7833,69.85,77,4,2.46
282,Guaiba,BR,2022-03-21 22:29:07,-30.1139,-51.325,71.94,76,20,20.71
283,Misratah,LY,2022-03-21 22:29:07,32.3754,15.0925,54.52,51,18,9.15
284,Santa Lucia,ES,2022-03-21 22:29:07,27.9117,-15.5407,56.52,59,20,16.11
285,Mehamn,NO,2022-03-21 22:29:08,71.0357,27.8492,37.31,85,93,44.69
286,Muisne,EC,2022-03-21 22:29:08,0.6,-80.0333,79.18,83,73,7.63
287,Bahia Honda,CU,2022-03-21 22:29:08,22.9036,-83.1592,78.08,74,60,13.78
288,Tuktoyaktuk,CA,2022-03-21 22:29:09,69.4541,-133.0374,-14.8,76,20,2.3
289,Jutai,BR,2022-03-21 22:29:09,-5.1833,-68.9,76.37,89,100,0.83
290,Nishihara,JP,2022-03-21 22:29:10,26.1842,127.7558,73.45,97,100,14.97
291,Iracoubo,GF,2022-03-21 22:29:10,5.4802,-53.2011,76.3,88,94,10.36
292,Cockburn Town,TC,2022-03-21 22:29:11,21.4612,-71.1419,80.56,57,40,9.22
293,Stornoway,GB,2022-03-21 22:29:11,58.2093,-6.3865,37.36,87,93,1.14
294,Rehoboth,NA,2022-03-21 22:29:11,-23.3167,17.0833,70.29,64,31,5.77
295,San Andres,CO,2022-03-21 22:29:12,12.5847,-81.7006,84.22,70,40,17.27
296,Kosa,RU,2022-03-21 22:29:12,59.9445,54.9977,18.63,97,87,6.33
297,Imeni Poliny Osipenko,RU,2022-03-21 22:29:13,52.4201,136.4853,-0.69,92,13,4.38
298,Verkhnyaya Toyma,RU,2022-03-21 22:29:13,62.2349,44.9985,29.5,94,100,6.04
299,Vao,NC,2022-03-21 22:29:13,-22.6667,167.4833,76.86,66,76,8.95
300,Sechura,PE,2022-03-21 22:29:14,-5.5569,-80.8222,81.79,55,67,16.28
301,Te Anau,NZ,2022-03-21 22:24:35,-45.4167,167.7167,62.22,63,87,1.39
302,Vostok,RU,2022-03-21 22:29:14,46.4856,135.8833,14.13,95,93,3.96
303,Alofi,NU,2022-03-21 22:29:15,-19.0595,-169.9187,85.89,70,40,10.36
304,Vilshofen,DE,2022-03-21 22:29:15,48.6333,13.1833,42.67,51,0,4.38
305,Adre,TD,2022-03-21 22:29:16,13.4667,22.2,77.11,11,3,7.34
306,Providencia,MX,2022-03-21 22:29:16,28.7167,-111.5833,81.21,16,7,23.94
307,Red Bluff,US,2022-03-21 22:29:17,40.1785,-122.2358,79.86,22,0,16.11
308,Guanica,PR,2022-03-21 22:29:17,17.9716,-66.908,80.06,72,71,6.42
309,Nome,US,2022-03-21 22:29:17,64.5011,-165.4064,12.27,73,0,3.44
310,Ust-Kuyga,RU,2022-03-21 22:29:18,70.0167,135.6,-6.97,97,100,2.95
311,Puerto Cabello,VE,2022-03-21 22:29:18,10.4731,-68.0125,87.35,81,86,13.06
312,Pedernales,DO,2022-03-21 22:29:18,18.0384,-71.744,81.46,65,24,10.58
313,Sambava,MG,2022-03-21 22:29:19,-14.2667,50.1667,75.36,89,11,8.81
314,Bubaque,GW,2022-03-21 22:29:19,11.2833,-15.8333,75.96,74,7,21.65
315,Cap-Aux-Meules,CA,2022-03-21 22:29:19,47.3821,-61.8597,28.45,93,75,19.57
316,Manitouwadge,CA,2022-03-21 22:29:20,49.1215,-85.8403,31.23,63,21,6.26
317,Izumo,JP,2022-03-21 22:29:20,35.3667,132.7667,42.75,93,75,5.75
318,San Ignacio,BZ,2022-03-21 22:29:21,17.1561,-89.0714,86.14,58,20,4.61
319,Port-De-Bouc,FR,2022-03-21 22:29:21,43.4,4.9833,49.59,43,0,6.91
320,Tigil,RU,2022-03-21 22:30:21,57.8,158.6667,28.29,86,100,16.28
321,Naze,JP,2022-03-21 22:30:22,28.3667,129.4833,67.12,93,100,21.99
322,Asuncion,PY,2022-03-21 22:30:22,-25.3007,-57.6359,85.89,58,20,4.61
323,Dehloran,IR,2022-03-21 22:30:22,32.6941,47.2679,64.38,34,86,1.77
324,Hualmay,PE,2022-03-21 22:30:23,-11.0964,-77.6139,70.97,82,85,9.37
325,Conceicao Do Araguaia,BR,2022-03-21 22:30:23,-8.2578,-49.2647,77.05,85,99,2.33
326,Pozoblanco,ES,2022-03-21 22:30:23,38.3791,-4.8483,45.09,97,28,5.32
327,Nelson Bay,AU,2022-03-21 22:30:24,-32.7167,152.15,70.0,80,10,1.99
328,Vanimo,PG,2022-03-21 22:30:24,-2.6741,141.3028,82.81,72,93,1.36
329,Lakatoro,VU,2022-03-21 22:30:25,-16.0999,167.4164,80.62,83,100,6.31
330,Devanhalli,IN,2022-03-21 22:30:25,13.2325,77.6992,71.83,83,40,6.91
331,Svarstad,NO,2022-03-21 22:30:25,59.399,9.9698,41.0,71,86,1.39
332,Port Elizabeth,ZA,2022-03-21 22:30:26,-33.918,25.5701,70.32,96,0,1.14
333,Falam,MM,2022-03-21 22:30:26,22.9167,93.6833,56.82,38,26,3.67
334,Moose Factory,CA,2022-03-21 22:30:26,51.2585,-80.6094,24.8,39,0,13.8
335,Mayo,US,2022-03-21 22:30:27,38.8876,-76.5119,71.13,36,0,5.75
336,Khorixas,NA,2022-03-21 22:30:27,-20.3667,14.9667,75.43,66,72,2.66
337,Lebu,CL,2022-03-21 22:30:28,-37.6167,-73.65,57.31,87,57,12.64
338,Iqaluit,CA,2022-03-21 22:29:57,63.7506,-68.5145,-2.31,84,20,2.3
339,Hirado,JP,2022-03-21 22:30:28,33.3597,129.5531,45.39,82,100,24.16
340,Tautira,PF,2022-03-21 22:30:29,-17.7333,-149.15,80.53,77,21,12.24
341,Labuan,MY,2022-03-21 22:30:30,5.2767,115.2417,77.36,94,20,0.0
342,Cocobeach,GA,2022-03-21 22:30:30,1.0002,9.5823,80.65,83,69,8.5
343,Panjab,AF,2022-03-21 22:30:30,34.388,67.0233,31.03,52,98,3.56
344,Mandiana,GN,2022-03-21 22:30:31,10.6333,-8.6833,82.9,51,62,3.06
345,Bambous Virieux,MU,2022-03-21 22:30:31,-20.3428,57.7575,80.85,94,75,3.44
346,San Pedro,PH,2022-03-21 22:30:32,14.35,121.0167,81.63,79,75,4.61
347,Arlit,NE,2022-03-21 22:30:32,18.7369,7.3853,78.33,7,5,10.36
348,Safaga,EG,2022-03-21 22:30:32,26.7292,33.9365,61.77,55,1,15.68
349,Amahai,ID,2022-03-21 22:30:33,-3.3333,128.9167,79.39,83,96,3.76
350,Icod De Los Vinos,ES,2022-03-21 22:30:33,28.3724,-16.7119,61.77,79,98,6.78
351,Mandalgovi,MN,2022-03-21 22:30:34,45.7625,106.2708,17.33,64,95,2.35
352,Coihaique,CL,2022-03-21 22:26:03,-45.5752,-72.0662,57.81,58,75,10.36
353,Clyde River,CA,2022-03-21 22:30:34,70.4692,-68.5914,-9.17,84,100,4.61
354,Jaisalmer,IN,2022-03-21 22:30:35,26.9147,70.9181,74.12,21,0,13.2
355,Castrillon,ES,2022-03-21 22:30:35,43.3979,-6.7922,49.21,82,40,3.85
356,Alipur,PK,2022-03-21 22:30:35,29.3846,70.9116,73.0,16,0,4.16
357,Belaya Gora,RU,2022-03-21 22:30:36,68.5333,146.4167,5.65,95,100,7.18
358,Prieska,ZA,2022-03-21 22:30:36,-29.6641,22.7474,72.75,56,7,0.31
359,Panama City,PA,2022-03-21 22:30:37,8.9936,-79.5197,88.18,56,20,13.8
360,Aasiaat,GL,2022-03-21 22:30:37,68.7098,-52.8699,-18.2,89,24,6.29
361,Ojinaga,MX,2022-03-21 22:30:37,29.5667,-104.4167,68.95,26,0,24.16
362,Sheridan,US,2022-03-21 22:30:38,44.8333,-106.9173,44.98,36,0,23.02
363,Dakar,SN,2022-03-21 22:30:38,14.6937,-17.4441,67.08,94,0,9.22
364,Jesus Maria,AR,2022-03-21 22:30:38,-30.9815,-64.0942,69.78,69,42,4.32
365,Ossora,RU,2022-03-21 22:30:39,59.2353,163.0719,32.41,98,100,11.83
366,Rio Gallegos,AR,2022-03-21 22:30:39,-51.6226,-69.2181,62.65,45,20,9.22
367,Ballina,AU,2022-03-21 22:31:40,-28.8667,153.5667,73.36,72,15,10.36
368,Jumla,NP,2022-03-21 22:31:40,29.2747,82.1838,44.42,54,0,4.54
369,Bogo,PH,2022-03-21 22:31:40,11.0517,124.0055,79.7,84,95,4.09
370,Pauini,BR,2022-03-21 22:31:41,-7.7136,-66.9764,75.2,92,96,1.57
371,Sarkand,KZ,2022-03-21 22:31:41,45.41,79.9186,36.5,84,100,11.39
372,Las Choapas,MX,2022-03-21 22:31:41,17.9333,-94.0833,83.05,75,45,7.67
373,Verkhoyansk,RU,2022-03-21 22:31:42,67.5447,133.385,-11.47,96,100,3.87
374,Muslyumovo,RU,2022-03-21 22:31:42,55.3033,53.1947,19.06,94,36,8.41
375,Poum,NC,2022-03-21 22:31:42,-20.2333,164.0167,80.1,76,91,11.14
376,Soldatskaya,RU,2022-03-21 22:31:43,43.8181,43.8158,30.31,66,1,5.61
377,Camabatela,AO,2022-03-21 22:31:43,-8.1881,15.375,64.09,98,99,2.33
378,Herat,AF,2022-03-21 22:31:43,34.5,62.0,49.62,49,100,7.14
379,Artvin,TR,2022-03-21 22:31:44,41.1667,41.8333,22.89,92,99,2.59
380,Korla,CN,2022-03-21 22:31:44,41.7597,86.1469,38.5,88,32,5.39
381,Kourou,GF,2022-03-21 22:31:45,5.1552,-52.6478,80.11,91,95,8.28
382,Berlevag,NO,2022-03-21 22:31:45,70.8578,29.0864,37.35,65,75,43.73
383,Kalemie,CD,2022-03-21 22:31:45,-5.9475,29.1947,70.57,91,100,3.69
384,Moyale,KE,2022-03-21 22:31:46,3.5167,39.0584,71.13,64,17,5.26
385,Sheksna,RU,2022-03-21 22:31:46,59.21,38.5107,30.36,94,55,7.34
386,Nyurba,RU,2022-03-21 22:31:46,63.2842,118.3319,2.53,99,98,3.24
387,Paarl,ZA,2022-03-21 22:31:47,-33.7338,18.9752,70.02,83,1,8.39
388,Tatawin,TN,2022-03-21 22:31:47,32.9297,10.4518,49.24,72,36,10.07
389,Carballo,ES,2022-03-21 22:31:51,43.213,-8.691,52.86,91,18,3.6
390,Key West,US,2022-03-21 22:27:26,24.5557,-81.7826,84.2,64,40,21.85
391,Santa Quiteria,BR,2022-03-21 22:31:51,-4.3319,-40.1567,74.73,87,72,3.09
392,Morehead,US,2022-03-21 22:28:17,37.2711,-87.1764,69.78,28,0,8.05
393,Inhambane,MZ,2022-03-21 22:31:52,-23.865,35.3833,71.26,87,49,8.55
394,Atikokan,CA,2022-03-21 22:31:52,48.7555,-91.6216,35.2,74,96,12.64
395,Iskateley,RU,2022-03-21 22:31:53,67.6803,53.1512,29.35,94,100,19.53
396,Ponta Delgada,PT,2022-03-21 22:31:53,37.7333,-25.6667,57.92,62,40,11.5
397,Kilindoni,TZ,2022-03-21 22:31:53,-7.9139,39.6668,80.96,81,100,8.48
398,Salisbury,GB,2022-03-21 22:29:11,51.0693,-1.7957,50.97,80,20,9.22
399,Ketchikan,US,2022-03-21 22:31:54,55.3422,-131.6461,46.38,97,100,7.65
400,Mkokotoni,TZ,2022-03-21 22:31:54,-5.8767,39.2547,77.58,89,23,4.72
401,Vallenar,CL,2022-03-21 22:31:55,-28.5708,-70.7581,73.26,48,0,4.85
402,Kholodnyy,RU,2022-03-21 22:31:55,62.7167,147.95,9.05,85,100,6.51
403,Baneh,IR,2022-03-21 22:31:56,35.9975,45.8853,38.8,92,100,4.16
404,Khandyga,RU,2022-03-21 22:31:56,62.6667,135.6,-1.28,96,100,2.33
405,Glace Bay,CA,2022-03-21 22:27:18,46.1969,-59.957,31.98,80,92,7.0
406,Roald,NO,2022-03-21 22:31:57,62.5833,6.1333,42.75,80,7,4.61
407,Salinas,US,2022-03-21 22:30:01,36.6777,-121.6555,78.01,53,0,11.5
408,Fuengirola,ES,2022-03-21 22:29:29,36.54,-4.6247,57.85,94,20,1.14
409,Talakan,RU,2022-03-21 22:31:57,50.3167,130.3667,10.89,95,98,4.07
410,Srednekolymsk,RU,2022-03-21 22:31:58,67.45,153.6833,21.96,93,100,6.89
411,Namibe,AO,2022-03-21 22:31:58,-15.1961,12.1522,74.14,80,100,8.43
412,North Bend,US,2022-03-21 22:31:58,43.4065,-124.2243,53.85,97,100,8.05
413,Sharjah,AE,2022-03-21 22:31:59,25.3573,55.4033,71.58,68,0,3.44
414,Bellavista,PE,2022-03-21 22:31:59,-7.0561,-76.5911,75.61,87,69,2.01
415,Camacha,PT,2022-03-21 22:33:00,33.0833,-16.3333,58.42,72,20,10.36
416,Cabo San Lucas,MX,2022-03-21 22:33:00,22.8909,-109.9124,79.9,53,0,6.91
417,Coahuayana,MX,2022-03-21 22:33:00,18.7333,-103.6833,85.82,32,21,6.78
418,Aykhal,RU,2022-03-21 22:33:01,66.0,111.5,-3.35,100,100,4.92
419,Great Yarmouth,GB,2022-03-21 22:33:01,52.6083,1.7305,45.41,77,27,7.4
420,Skibbereen,IE,2022-03-21 22:33:01,51.55,-9.2667,52.11,96,99,15.66
421,Shellbrook,CA,2022-03-21 22:33:02,53.2168,-106.4011,34.83,86,100,12.59
422,Longyearbyen,SJ,2022-03-21 22:33:02,78.2186,15.6401,22.84,63,75,28.77
423,Semirom,IR,2022-03-21 22:33:02,31.4167,51.5667,40.93,61,24,4.09
424,Camacupa,AO,2022-03-21 22:33:03,-12.0167,17.4833,61.9,97,75,2.13
425,Egvekinot,RU,2022-03-21 22:33:03,66.3167,-179.1667,13.3,92,100,4.29
426,Ituango,CO,2022-03-21 22:31:22,7.1712,-75.764,65.23,97,94,2.66
427,Puerto Ayacucho,VE,2022-03-21 22:33:04,5.6639,-67.6236,81.14,74,99,6.64
428,Flinders,AU,2022-03-21 22:33:04,-34.5833,150.8552,71.38,86,64,3.0
429,Port Hedland,AU,2022-03-21 22:33:04,-20.3167,118.5667,78.85,78,91,5.75
430,Vestmanna,FO,2022-03-21 22:33:05,62.1564,-7.1664,41.92,87,40,13.8
431,Urusha,RU,2022-03-21 22:33:05,54.05,122.9,4.91,88,56,3.13
432,Palmer,US,2022-03-21 22:32:55,42.1584,-72.3287,54.95,21,20,24.16
433,Benghazi,LY,2022-03-21 22:33:06,32.1167,20.0667,51.24,57,25,10.98
434,Armidale,AU,2022-03-21 22:33:06,-30.5167,151.65,66.34,57,0,3.11
435,Port Macquarie,AU,2022-03-21 22:30:14,-31.4333,152.9167,69.89,61,5,4.68
436,Broken Hill,AU,2022-03-21 22:33:06,-31.95,141.4333,71.31,53,55,3.44
437,Ruteng,ID,2022-03-21 22:33:07,-8.6136,120.4721,64.33,88,98,0.16
438,Lianzhou,CN,2022-03-21 22:33:07,24.7811,112.3825,54.95,92,100,6.04
439,Muroto,JP,2022-03-21 22:33:08,33.2833,134.15,49.41,90,100,22.08
440,Hauknes,NO,2022-03-21 22:33:08,66.2833,14.0667,35.8,92,75,3.44
441,Zhigansk,RU,2022-03-21 22:33:09,66.7697,123.3711,-14.33,97,88,3.94
442,Bilibino,RU,2022-03-21 22:33:09,68.0546,166.4372,19.26,87,100,4.0
443,Qostanay,KZ,2022-03-21 22:33:10,53.1667,63.5833,15.84,95,100,8.23
444,Asau,RO,2022-03-21 22:33:10,46.4333,26.4,36.52,77,10,7.43
445,Ugoofaaru,MV,2022-03-21 22:33:10,5.6667,73.0,82.11,68,5,14.65
446,Paita,PE,2022-03-21 22:33:11,-5.0892,-81.1144,76.14,73,38,18.01
447,Caraballeda,VE,2022-03-21 22:33:11,10.6112,-66.8522,82.47,78,20,5.75
448,Nacala,MZ,2022-03-21 22:33:11,-14.5428,40.6728,72.07,94,77,8.77
449,Irece,BR,2022-03-21 22:32:41,-11.3042,-41.8558,78.03,46,59,9.33
450,Sorland,NO,2022-03-21 22:33:12,67.667,12.6934,40.86,95,89,12.82
451,Thinadhoo,MV,2022-03-21 22:33:12,0.5333,72.9333,83.64,72,60,16.24
452,Izberbash,RU,2022-03-21 22:33:11,42.5696,47.8645,32.09,60,30,3.8
453,Mount Isa,AU,2022-03-21 22:33:13,-20.7333,139.5,78.57,57,2,0.0
454,Barda,AZ,2022-03-21 22:33:13,40.3744,47.1267,36.18,66,99,2.28
455,Siguiri,GN,2022-03-21 22:33:13,11.6667,-9.5,86.16,42,58,9.19
456,Bayshore Gardens,US,2022-03-21 22:33:14,27.4253,-82.5904,84.24,36,0,8.05
457,Ruza,RU,2022-03-21 22:33:14,55.699,36.1952,27.64,99,35,3.29
458,Nueve De Julio,AR,2022-03-21 22:32:53,-35.4444,-60.8831,58.46,71,100,7.85
459,Umm Lajj,SA,2022-03-21 22:33:15,25.0213,37.2685,68.54,71,0,7.78
460,Suntar,RU,2022-03-21 22:33:15,62.1444,117.6319,16.66,95,99,5.66
461,Vanavara,RU,2022-03-21 22:33:15,60.34,102.2797,16.16,94,100,8.23
462,Peace River,CA,2022-03-21 22:34:16,56.2501,-117.286,44.91,52,20,18.41
463,Rovaniemi,FI,2022-03-21 22:34:16,66.5,25.7167,35.01,75,20,4.61
464,Dulce Grande,MX,2022-03-21 22:34:17,23.0,-102.1667,75.43,5,100,28.25
465,Iquitos,PE,2022-03-21 22:31:10,-3.7481,-73.2472,78.84,89,75,3.44
466,Waingapu,ID,2022-03-21 22:34:17,-9.6567,120.2641,79.48,80,94,2.75
467,Sinnamary,GF,2022-03-21 22:34:17,5.3833,-52.95,76.73,87,86,10.54
468,Port Antonio,JM,2022-03-21 22:34:22,18.18,-76.4612,80.51,79,55,5.91
469,Moulins,FR,2022-03-21 22:34:22,46.5,3.3333,41.25,70,12,4.34
470,Derzhavinsk,KZ,2022-03-21 22:34:23,51.1,66.3167,23.45,96,100,11.86
471,Orotukan,RU,2022-03-21 22:34:23,62.2667,151.7,9.36,94,100,4.81
472,Kousseri,CM,2022-03-21 22:34:24,12.0769,15.0306,85.19,16,93,8.7
473,Deputatskiy,RU,2022-03-21 22:34:24,69.3,139.9,0.48,86,100,2.46
474,Nakambala,ZM,2022-03-21 22:34:25,-15.8324,27.7799,60.13,93,10,4.99
475,Vicuna,CL,2022-03-21 22:34:25,-30.0319,-70.7081,77.77,44,0,4.85
476,Avera,US,2022-03-21 22:34:25,33.194,-82.5271,71.65,47,23,5.23
477,Raudeberg,NO,2022-03-21 22:34:26,61.9875,5.1352,38.86,60,34,6.33
478,Alacranes,CU,2022-03-21 22:34:26,22.7675,-81.5675,82.89,56,64,14.97
479,Salalah,OM,2022-03-21 22:34:26,17.0151,54.0924,71.69,35,0,4.61
480,Tura,IN,2022-03-21 22:34:27,25.5198,90.2201,69.91,56,45,3.71
481,La Rioja,ES,2022-03-21 22:34:27,42.25,-2.5,42.58,95,100,11.27
482,Nantucket,US,2022-03-21 22:34:27,41.2835,-70.0995,57.31,67,0,20.71
483,Nouadhibou,MR,2022-03-21 22:34:28,20.931,-17.0347,64.38,68,0,18.41
484,Mwinilunga,ZM,2022-03-21 22:34:28,-11.7358,24.4293,63.41,99,100,1.66
485,Pochutla,MX,2022-03-21 22:34:29,15.7432,-96.4661,89.42,43,4,6.42
486,Vardo,NO,2022-03-21 22:34:29,70.3705,31.1107,33.4,73,63,39.48
487,Khelyulya,RU,2022-03-21 22:34:29,61.7333,30.6833,31.73,89,2,7.47
488,Leiyang,CN,2022-03-21 22:34:30,26.4024,112.8591,45.91,90,100,5.32
489,Ivankiv,UA,2022-03-21 22:34:30,50.9386,29.8943,36.18,84,2,6.8
490,Kaeo,NZ,2022-03-21 22:34:31,-35.1,173.7833,74.32,89,5,10.11
491,Nambutalai,IN,2022-03-21 22:34:31,9.7167,79.0,84.61,67,90,4.79
492,Boca Do Acre,BR,2022-03-21 22:34:31,-8.7522,-67.3978,74.73,95,92,0.34
493,Hofn,IS,2022-03-21 22:34:32,64.2539,-15.2082,43.63,98,100,2.44
494,Tecoanapa,MX,2022-03-21 22:34:32,16.5167,-98.75,83.91,57,2,11.79
495,Qaqortoq,GL,2022-03-21 22:34:32,60.7167,-46.0333,9.73,80,3,6.44
496,Xuddur,SO,2022-03-21 22:34:33,4.1213,43.8894,73.49,72,5,14.54
497,Chaumont,FR,2022-03-21 22:34:33,48.1167,5.1333,40.37,79,2,3.4
498,Kirakira,SB,2022-03-21 22:34:34,-10.4544,161.9205,84.11,73,57,6.17
499,Golden,US,2022-03-21 22:34:15,39.7555,-105.2211,41.85,67,100,4.0
500,Plaster Rock,CA,2022-03-21 22:34:34,46.9065,-67.39,34.32,85,97,13.22
501,Cherdyn,RU,2022-03-21 22:34:34,60.403,56.4787,11.73,99,99,4.16
502,Victor Harbor,AU,2022-03-21 22:34:35,-35.5667,138.6167,64.0,91,100,4.97
503,Sisimiut,GL,2022-03-21 22:34:35,66.9395,-53.6735,-6.18,77,8,5.53
504,Andenes,NO,2022-03-21 22:34:36,69.3143,16.1194,39.18,60,75,13.8
505,Porto Nacional,BR,2022-03-21 22:34:36,-10.7081,-48.4172,77.0,80,31,1.43
506,Beloha,MG,2022-03-21 22:35:36,-25.1667,45.05,69.37,78,1,10.78
507,Atherton,GB,2022-03-21 22:35:37,53.5237,-2.4935,49.28,67,32,1.99
508,Baruun-Urt,MN,2022-03-21 22:35:37,46.6806,113.2792,16.52,54,1,7.27
509,Bay Roberts,CA,2022-03-21 22:35:37,47.5999,-53.2648,38.52,95,100,3.0
510,Bilgoraj,PL,2022-03-21 22:35:38,50.5411,22.722,36.37,70,2,4.59
511,Caravelas,BR,2022-03-21 22:35:38,-17.7125,-39.2481,75.4,89,5,9.78
512,Sitka,US,2022-03-21 22:35:38,57.0531,-135.33,42.69,75,100,4.61
513,Suluq,LY,2022-03-21 22:35:39,31.6682,20.2521,47.75,58,68,7.78
514,Bloemhof,ZA,2022-03-21 22:35:39,-27.6469,25.607,64.2,73,85,4.61
515,San Ramon,US,2022-03-21 22:35:40,37.7799,-121.978,78.82,37,0,10.36
516,Biak,ID,2022-03-21 22:35:40,-0.9131,122.8766,77.56,75,98,1.43
517,Dangriga,BZ,2022-03-21 22:35:40,16.9692,-88.2321,79.88,71,6,9.57
518,Ambunti,PG,2022-03-21 22:35:41,-4.2365,142.8448,81.41,72,100,0.34
519,Castro,BR,2022-03-21 22:35:41,-24.7911,-50.0119,59.14,93,36,10.56
520,Huambo,AO,2022-03-21 22:35:41,-12.7761,15.7392,58.98,91,92,1.36
521,Aligudarz,IR,2022-03-21 22:35:42,33.4006,49.6949,43.25,74,9,5.3
522,Porto Novo,BJ,2022-03-21 22:35:42,6.4965,2.6036,84.02,78,100,8.99
523,Tera,NE,2022-03-21 22:35:42,14.0078,0.7531,88.61,13,40,13.35
524,Kayerkan,RU,2022-03-21 22:35:43,69.3497,87.7602,-15.54,100,91,1.01
525,Arman,RU,2022-03-21 22:32:13,59.7,150.1667,26.02,93,100,5.86
526,Sampit,ID,2022-03-21 22:35:43,-2.5333,112.95,71.69,98,100,3.27
527,Aloleng,PH,2022-03-21 22:35:44,16.1307,119.7824,80.2,73,72,9.84
528,Cap Malheureux,MU,2022-03-21 22:35:44,-19.9842,57.6142,79.47,89,49,1.99
529,Banjar,ID,2022-03-21 22:35:44,-8.19,114.9675,78.26,84,100,2.62
530,Pingliang,CN,2022-03-21 22:35:45,35.5392,106.6861,40.05,82,100,3.83
531,Mansa,IN,2022-03-21 22:35:45,29.9833,75.3833,68.05,28,0,4.36
532,Ziyang,CN,2022-03-21 22:35:46,29.2497,117.8547,48.76,92,100,4.09
533,Beruwala,LK,2022-03-21 22:35:46,6.4788,79.9828,79.77,85,9,8.28
534,Sawakin,SD,2022-03-21 22:35:46,19.1059,37.3321,72.07,62,0,2.73
535,Brae,GB,2022-03-21 22:35:47,60.3964,-1.353,41.77,86,10,10.18
536,Tabas,IR,2022-03-21 22:35:47,33.5959,56.9244,70.05,17,100,1.01
537,Kizel,RU,2022-03-21 22:35:48,59.0471,57.6477,18.23,63,100,1.99
538,Saint George,US,2022-03-21 22:35:48,37.1041,-113.5841,62.8,16,0,17.0
539,Ambilobe,MG,2022-03-21 22:35:48,-13.2,49.05,73.71,96,14,2.35
540,Nagua,DO,2022-03-21 22:35:49,19.3832,-69.8474,80.65,74,20,4.61
541,Zhuanghe,CN,2022-03-21 22:35:49,39.7008,122.9911,34.32,39,0,5.37
542,Marsa Matruh,EG,2022-03-21 22:35:50,31.3525,27.2453,51.17,62,14,9.91
543,Amapa,BR,2022-03-21 22:35:50,1.0,-52.0,70.54,99,100,1.52
544,Alihe,CN,2022-03-21 22:35:50,50.5667,123.7167,14.27,84,23,3.71
545,Charlestown,AU,2022-03-21 22:33:37,-32.95,151.6667,71.11,79,16,4.0
546,Emba,KZ,2022-03-21 22:35:51,48.8264,58.1442,5.65,99,89,4.43
547,Tahe,CN,2022-03-21 22:35:51,52.3333,124.7333,16.07,80,28,4.99
548,Palmas Bellas,PA,2022-03-21 22:35:52,9.2319,-80.0867,80.76,79,35,12.75
549,San Roque,ES,2022-03-21 22:31:33,36.2107,-5.3842,59.83,77,40,5.75
550,Pio Duran,PH,2022-03-21 22:35:52,13.0293,123.445,79.12,86,97,6.76
551,Fuyu,CN,2022-03-21 22:35:53,45.1833,124.8167,23.94,60,0,7.47
552,San Quintin,MX,2022-03-21 22:35:53,30.4833,-115.95,63.01,66,25,10.96
553,Iwanai,JP,2022-03-21 22:36:53,42.9744,140.5089,36.57,66,91,14.52
554,Ancud,CL,2022-03-21 22:36:54,-41.8697,-73.8203,51.22,76,77,11.05
555,Honiara,SB,2022-03-21 22:36:54,-9.4333,159.95,85.46,66,82,3.53
556,Hami,CN,2022-03-21 22:36:54,42.8,93.45,39.04,33,43,4.5
557,Kudahuvadhoo,MV,2022-03-21 22:36:55,2.6708,72.8944,82.67,70,1,15.43
558,Northam,GB,2022-03-21 22:36:55,51.0333,-4.2167,53.62,74,85,13.82
559,Marienburg,PL,2022-03-21 22:36:56,54.0359,19.0266,41.58,59,0,5.75
560,Celendin,PE,2022-03-21 22:36:56,-6.8703,-78.1517,57.72,83,86,2.98
561,Bowen,AU,2022-03-21 22:35:18,-20.0167,148.2333,78.39,69,98,9.73
